f3cd759c-d05b-11e5-b58b-90e2ba530b12,Lacus augue pede posuere.,JmuhsAaMdw
f4361a2a-d05b-11e5-b58b-90e2ba530b12,Porta metus enim nonummy nisi et sollicitudin pede curae bibendum dignissim lorem quis.,UWzCrfaxQi
f3de0664-d05b-11e5-b58b-90e2ba530b12,Netus risus.,fOGctyIDES
f43a34ca-d05b-11e5-b58b-90e2ba530b12,Proin augue.,UWzCrfaxQi
f4104264-d05b-11e5-b58b-90e2ba530b12,Ipsum augue a euismod aenean sit.,MdHQeWbPjB
f3cec960-d05b-11e5-b58b-90e2ba530b12,Metus justo odio cubilia vitae velit bibendum dui.,JmuhsAaMdw
f4621080-d05b-11e5-b58b-90e2ba530b12,Lorem netus.,UWzCrfaxQi
f3fec26e-d05b-11e5-b58b-90e2ba530b12,Proin augue dignissim.,cWIZrdKQmh
f3f25bbe-d05b-11e5-b58b-90e2ba530b12,Magna lorem netus posuere sapien vulputate.,lixvTEUaBj
f3f987a4-d05b-11e5-b58b-90e2ba530b12,Netus fusce.,cWIZrdKQmh
f3d3d4dc-d05b-11e5-b58b-90e2ba530b12,Curae etiam cras a eget netus commodo.,JmuhsAaMdw
f4648266-d05b-11e5-b58b-90e2ba530b12,Proin velit sit quam orci.,UWzCrfaxQi
f4778532-d05b-11e5-b58b-90e2ba530b12,Velit lacus laoreet eu ut ante aenean lacinia orci a orci augue eleifend.,UWzCrfaxQi
f3cac086-d05b-11e5-b58b-90e2ba530b12,Felis curae mollis non ad feugiat diam habitant suscipit at rutrum a adipiscing.,JmuhsAaMdw
f44d0aaa-d05b-11e5-b58b-90e2ba530b12,Velit fames.,UWzCrfaxQi
f46dd9ba-d05b-11e5-b58b-90e2ba530b12,Fames vitae sem vestibulum parturient et sagittis sem viverra neque in sapien a.,UWzCrfaxQi
f43266fa-d05b-11e5-b58b-90e2ba530b12,Lorem purus lobortis.,UWzCrfaxQi
f42d1bdc-d05b-11e5-b58b-90e2ba530b12,Donec porta habitasse non consectetuer.,UWzCrfaxQi
f429301c-d05b-11e5-b58b-90e2ba530b12,Proin risus sociosqu fames aptent.,MdHQeWbPjB
f3ee4862-d05b-11e5-b58b-90e2ba530b12,Neque risus condimentum nascetur commodo litora mus nostra ve tempor.,lixvTEUaBj
f46b7602-d05b-11e5-b58b-90e2ba530b12,Augue fusce gravida volutpat posuere tristique nibh.,UWzCrfaxQi
f45f8842-d05b-11e5-b58b-90e2ba530b12,Felis massa lectus tristique pretium fusce quis posuere euismod venenatis est.,UWzCrfaxQi
f44bac0a-d05b-11e5-b58b-90e2ba530b12,Etiam velit pulvinar metus porttitor adipiscing dui lorem.,UWzCrfaxQi
f448c602-d05b-11e5-b58b-90e2ba530b12,Vitae etiam taciti porta ullamcorper pulvinar consequat.,UWzCrfaxQi
f3da3c1e-d05b-11e5-b58b-90e2ba530b12,Lacus donec nulla dolor dictum euismod elementum enim pretium nulla pretium velit nibh.,fOGctyIDES
f3d8d6c6-d05b-11e5-b58b-90e2ba530b12,Ipsum lorem sem orci hymenaeos.,fOGctyIDES
f4064a70-d05b-11e5-b58b-90e2ba530b12,Ipsum etiam cubilia purus eget conubia ve mi eget ridiculus taciti.,cWIZrdKQmh
f417b076-d05b-11e5-b58b-90e2ba530b12,Fusce proin semper enim aliquam mi eu.,MdHQeWbPjB
f434eb3c-d05b-11e5-b58b-90e2ba530b12,Ipsum morbi diam erat.,UWzCrfaxQi
f45a5eee-d05b-11e5-b58b-90e2ba530b12,Dolor purus.,UWzCrfaxQi
f408a716-d05b-11e5-b58b-90e2ba530b12,Risus felis tempor eros donec fusce arcu primis feugiat.,cWIZrdKQmh
f41d6638-d05b-11e5-b58b-90e2ba530b12,Justo metus hac proin aliquet eni in magnis quis.,MdHQeWbPjB
f44525e2-d05b-11e5-b58b-90e2ba530b12,Magna velit purus ipsum neque tempor semper lacus class congue.,UWzCrfaxQi
f3d6a892-d05b-11e5-b58b-90e2ba530b12,Nulla porta.,fOGctyIDES
f3c8ae54-d05b-11e5-b58b-90e2ba530b12,Netus metus bibendum morbi cursus.,nFtPHprNOd
f43b6dfe-d05b-11e5-b58b-90e2ba530b12,Metus lacus nunc.,UWzCrfaxQi
f4718c7c-d05b-11e5-b58b-90e2ba530b12,Massa magna a tempus pede.,UWzCrfaxQi
f4690e26-d05b-11e5-b58b-90e2ba530b12,Etiam purus libero donec dapibus donec at congue.,UWzCrfaxQi
f44e5d24-d05b-11e5-b58b-90e2ba530b12,Metus felis pede etiam auctor porta volutpat leo ipsum vulputate.,UWzCrfaxQi
f467f4a0-d05b-11e5-b58b-90e2ba530b12,Magna risus.,UWzCrfaxQi
f3b44cf2-d05b-11e5-b58b-90e2ba530b12,Donec dolor torquent tristique congue sagittis eu.,HuGetcsXbQ
f460e070-d05b-11e5-b58b-90e2ba530b12,Donec morbi.,UWzCrfaxQi
f3dbb03a-d05b-11e5-b58b-90e2ba530b12,Donec dolor felis ullamcorper mi tempus a adipiscing dis morbi nisl.,fOGctyIDES
f3c5c608-d05b-11e5-b58b-90e2ba530b12,Fames velit nostra sociosqu adipiscing.,nFtPHprNOd
f4190c64-d05b-11e5-b58b-90e2ba530b12,Lorem lacus pretium tortor mattis ve class ad.,MdHQeWbPjB
f4152784-d05b-11e5-b58b-90e2ba530b12,Curae lorem montes pharetra cras luctus.,MdHQeWbPjB
f42a861a-d05b-11e5-b58b-90e2ba530b12,Nulla ipsum neque fusce neque potenti facilisis varius eu malesuada parturient nisi elementum aenean arcu odio hymenaeos tristique.,MdHQeWbPjB
f40c175c-d05b-11e5-b58b-90e2ba530b12,Curae morbi neque fusce class laoreet et vel.,MdHQeWbPjB
f41a64ce-d05b-11e5-b58b-90e2ba530b12,Ipsum porta pharetra id risus dictum et ac quam lobortis.,MdHQeWbPjB
f404d474-d05b-11e5-b58b-90e2ba530b12,Lacus lorem sapien morbi vestibulum interdum ipsum id.,cWIZrdKQmh
f4417bf4-d05b-11e5-b58b-90e2ba530b12,Proin purus a sodales ut cum venenatis auctor metus orci gravida a auctor duis.,UWzCrfaxQi
f42bcfc0-d05b-11e5-b58b-90e2ba530b12,Massa donec.,MdHQeWbPjB
f47a041a-d05b-11e5-b58b-90e2ba530b12,Neque metus vivamus.,PDKIVoezHs
f3f4f2a2-d05b-11e5-b58b-90e2ba530b12,Morbi velit nibh malesuada lectus varius mus quis.,lixvTEUaBj
f4707f4e-d05b-11e5-b58b-90e2ba530b12,Proin massa morbi tortor.,UWzCrfaxQi
f47ce8ce-d05b-11e5-b58b-90e2ba530b12,Donec purus varius duis enim felis quam nonummy a scelerisque leo tellus nibh nisl.,PDKIVoezHs
f40eee5a-d05b-11e5-b58b-90e2ba530b12,Proin magna.,MdHQeWbPjB
f3f04aea-d05b-11e5-b58b-90e2ba530b12,Dolor felis nec cras quis vulputate cursus dolor vestibulum dictumst porta dolor.,lixvTEUaBj
f44403d8-d05b-11e5-b58b-90e2ba530b12,Velit felis leo.,UWzCrfaxQi
f466da5c-d05b-11e5-b58b-90e2ba530b12,Vitae ipsum quam pretium.,UWzCrfaxQi
f3d16166-d05b-11e5-b58b-90e2ba530b12,Porta ipsum.,JmuhsAaMdw
f3fc513c-d05b-11e5-b58b-90e2ba530b12,Morbi vitae mollis rutrum pede lacus massa egestas cras.,cWIZrdKQmh
f3cc2c50-d05b-11e5-b58b-90e2ba530b12,Porta curae vel eros nibh senectus.,JmuhsAaMdw
f3fad4ec-d05b-11e5-b58b-90e2ba530b12,Proin felis ornare lacus mollis dolor.,cWIZrdKQmh
f3bdb102-d05b-11e5-b58b-90e2ba530b12,Proin curae euismod.,HuGetcsXbQ
f465d5d0-d05b-11e5-b58b-90e2ba530b12,Netus magna aliquet.,UWzCrfaxQi
f42369de-d05b-11e5-b58b-90e2ba530b12,Neque dolor fames proin dis tristique metus fermentum ultrices lectus iaculis.,MdHQeWbPjB
f40acb5e-d05b-11e5-b58b-90e2ba530b12,Risus donec.,cWIZrdKQmh
f433b410-d05b-11e5-b58b-90e2ba530b12,Velit ipsum feugiat ac nulla.,UWzCrfaxQi
f44658d6-d05b-11e5-b58b-90e2ba530b12,Vitae massa posuere orci facilisis.,UWzCrfaxQi
f3bb6d2a-d05b-11e5-b58b-90e2ba530b12,Curae fames montes ad ultrices iaculis mauris nisl.,HuGetcsXbQ
f3dcff80-d05b-11e5-b58b-90e2ba530b12,Felis fusce sodales pretium libero nisl vulputate nunc cras nisi.,fOGctyIDES
f4167044-d05b-11e5-b58b-90e2ba530b12,Lacus netus duis egestas ut platea ve at urna molestie.,MdHQeWbPjB
f3c329de-d05b-11e5-b58b-90e2ba530b12,Risus purus mauris congue convallis vestibulum conubia eget eleifend hymenaeos nisl sodales pretium ridiculus nisl.,nFtPHprNOd
f3ed3756-d05b-11e5-b58b-90e2ba530b12,Class vitae ipsum lacus.,lixvTEUaBj
f3d7a562-d05b-11e5-b58b-90e2ba530b12,Augue proin.,fOGctyIDES
f3d29edc-d05b-11e5-b58b-90e2ba530b12,Dolor etiam erat eu diam etiam cubilia.,JmuhsAaMdw
f3d0196e-d05b-11e5-b58b-90e2ba530b12,Fames morbi posuere cubilia elementum enim phasellus.,JmuhsAaMdw
f475371e-d05b-11e5-b58b-90e2ba530b12,Lacus fames.,UWzCrfaxQi
f3e84e08-d05b-11e5-b58b-90e2ba530b12,Fames curae pede dis.,PNexGqHdVE
f412d72c-d05b-11e5-b58b-90e2ba530b12,Massa proin.,MdHQeWbPjB
f45d3e70-d05b-11e5-b58b-90e2ba530b12,Massa curae morbi dis natoque etiam mi.,UWzCrfaxQi
f4633a14-d05b-11e5-b58b-90e2ba530b12,Curae morbi neque nostra dictum commodo.,UWzCrfaxQi
f457b338-d05b-11e5-b58b-90e2ba530b12,Curae vitae.,UWzCrfaxQi
f3e032f4-d05b-11e5-b58b-90e2ba530b12,Magna vitae quis eleifend fermentum non nisl id class diam sem nunc nec.,fOGctyIDES
f472bd9a-d05b-11e5-b58b-90e2ba530b12,Ipsum lorem neque sociis ante et.,UWzCrfaxQi
f3c05236-d05b-11e5-b58b-90e2ba530b12,Morbi metus scelerisque eni ve mauris curae diam duis eu.,HuGetcsXbQ
f47bb1ac-d05b-11e5-b58b-90e2ba530b12,Ipsum risus sem enim duis dictumst sollicitudin mattis fusce litora leo conubia.,PDKIVoezHs
f4567860-d05b-11e5-b58b-90e2ba530b12,Augue massa nisl sociis mi sociis elementum bibendum metus ac imperdiet diam.,UWzCrfaxQi
f3f7680c-d05b-11e5-b58b-90e2ba530b12,Morbi augue purus.,lixvTEUaBj
f3e2df7c-d05b-11e5-b58b-90e2ba530b12,Proin lorem interdum ipsum dictumst vulputate cum ultricies.,fOGctyIDES
f44a13fe-d05b-11e5-b58b-90e2ba530b12,Ipsum curae vitae fusce leo nisl facilisi sit platea at curabitur lacus.,UWzCrfaxQi
f3e9c404-d05b-11e5-b58b-90e2ba530b12,Fusce netus natoque eget arcu dui malesuada duis.,PNexGqHdVE
f45ba60a-d05b-11e5-b58b-90e2ba530b12,Morbi risus nisi sed cras risus vitae vel orci a purus id.,UWzCrfaxQi
f3df0c44-d05b-11e5-b58b-90e2ba530b12,Velit vitae.,fOGctyIDES
f40d784a-d05b-11e5-b58b-90e2ba530b12,Fusce fames auctor aenean velit parturient arcu turpis posuere dignissim.,MdHQeWbPjB
f453c840-d05b-11e5-b58b-90e2ba530b12,Risus justo erat velit purus eget.,UWzCrfaxQi
f3fff77e-d05b-11e5-b58b-90e2ba530b12,Metus fames amet tellus curae viverra nam ad sollicitudin.,cWIZrdKQmh
f442c130-d05b-11e5-b58b-90e2ba530b12,Vitae risus ante sagittis scelerisque.,UWzCrfaxQi
f3fd904c-d05b-11e5-b58b-90e2ba530b12,Felis dolor auctor ut quisque pede elit dis.,cWIZrdKQmh
f4526b80-d05b-11e5-b58b-90e2ba530b12,Justo neque.,UWzCrfaxQi
f43c9620-d05b-11e5-b58b-90e2ba530b12,Purus morbi ullamcorper in aenean tincidunt non.,UWzCrfaxQi
f3e4182e-d05b-11e5-b58b-90e2ba530b12,Porta class aenean vestibulum massa elit quisque aptent est arcu consectetuer adipiscing erat augue in.,fOGctyIDES
f3c472e4-d05b-11e5-b58b-90e2ba530b12,Curae fusce fames urna eros cras iaculis morbi sed quis turpis phasellus ve nulla est.,nFtPHprNOd
f3eb09fe-d05b-11e5-b58b-90e2ba530b12,Curae massa nam vitae nibh.,PNexGqHdVE
f427dfa0-d05b-11e5-b58b-90e2ba530b12,Metus fusce vel arcu parturient mauris in pulvinar.,MdHQeWbPjB
f41b8e44-d05b-11e5-b58b-90e2ba530b12,Dolor etiam.,MdHQeWbPjB
f3f38016-d05b-11e5-b58b-90e2ba530b12,Justo fusce fames mattis ve augue montes elit enim commodo.,lixvTEUaBj
f409c01a-d05b-11e5-b58b-90e2ba530b12,Magna felis libero auctor lobortis curae at justo maecenas.,cWIZrdKQmh
f4205384-d05b-11e5-b58b-90e2ba530b12,Fusce porta lobortis ad turpis interdum lorem pellentesque malesuada donec.,MdHQeWbPjB
f455148e-d05b-11e5-b58b-90e2ba530b12,Netus vitae massa mollis duis eget vestibulum at sociosqu eni.,UWzCrfaxQi
f46f31fc-d05b-11e5-b58b-90e2ba530b12,Justo fames a quisque at sit etiam nisl ac.,UWzCrfaxQi
f3d55672-d05b-11e5-b58b-90e2ba530b12,Massa velit.,JmuhsAaMdw
f40798a8-d05b-11e5-b58b-90e2ba530b12,Donec nulla purus litora ultricies ac.,cWIZrdKQmh
f3f67258-d05b-11e5-b58b-90e2ba530b12,Etiam augue massa condimentum eleifend lorem mi eros.,lixvTEUaBj
f43dde2c-d05b-11e5-b58b-90e2ba530b12,Etiam morbi sapien neque enim nonummy et morbi etiam eni urna cum.,UWzCrfaxQi
f44fb336-d05b-11e5-b58b-90e2ba530b12,Donec risus aenean in tempor in molestie pretium sollicitudin viverra.,UWzCrfaxQi
f40383ee-d05b-11e5-b58b-90e2ba530b12,Morbi risus faucibus leo eros arcu aliquet feugiat.,cWIZrdKQmh
f43f0040-d05b-11e5-b58b-90e2ba530b12,Dolor justo cum egestas a.,UWzCrfaxQi
f438eade-d05b-11e5-b58b-90e2ba530b12,Netus curae molestie donec tortor urna odio fermentum mattis fusce.,UWzCrfaxQi
f3e6c9ca-d05b-11e5-b58b-90e2ba530b12,Neque magna pharetra nec magnis.,fOGctyIDES
f44783aa-d05b-11e5-b58b-90e2ba530b12,Lorem fusce etiam feugiat montes ac orci ac.,UWzCrfaxQi
f4740484-d05b-11e5-b58b-90e2ba530b12,Fames magna.,UWzCrfaxQi
f44028b2-d05b-11e5-b58b-90e2ba530b12,Lorem donec purus nibh.,UWzCrfaxQi
f4377dde-d05b-11e5-b58b-90e2ba530b12,Ipsum magna metus mollis.,UWzCrfaxQi
f4268d12-d05b-11e5-b58b-90e2ba530b12,Netus augue magnis massa vestibulum interdum conubia donec id magnis a potenti in.,MdHQeWbPjB
f46c9582-d05b-11e5-b58b-90e2ba530b12,Velit fusce tempus urna ante pulvinar lorem purus cum primis cubilia est nunc.,UWzCrfaxQi
f4253796-d05b-11e5-b58b-90e2ba530b12,Lacus neque a mauris amet eget pede felis nullam velit.,MdHQeWbPjB
f3e1939c-d05b-11e5-b58b-90e2ba530b12,Porta etiam metus lorem.,fOGctyIDES
f4020438-d05b-11e5-b58b-90e2ba530b12,Ipsum lorem fusce vel arcu hendrerit bibendum magnis nostra fames tortor.,cWIZrdKQmh
f42e664a-d05b-11e5-b58b-90e2ba530b12,Massa augue est blandit volutpat semper.,UWzCrfaxQi
f3e56ca6-d05b-11e5-b58b-90e2ba530b12,Risus justo.,fOGctyIDES
f458ffa4-d05b-11e5-b58b-90e2ba530b12,Justo class.,UWzCrfaxQi
f413ddde-d05b-11e5-b58b-90e2ba530b12,Donec augue auctor netus leo donec odio enim dis risus.,MdHQeWbPjB
f3c77908-d05b-11e5-b58b-90e2ba530b12,Magna curae mollis pulvinar class conubia lobortis proin taciti.,nFtPHprNOd
f4767534-d05b-11e5-b58b-90e2ba530b12,Netus lacus.,UWzCrfaxQi
f4512284-d05b-11e5-b58b-90e2ba530b12,Ipsum lorem.,UWzCrfaxQi
f3c1c710-d05b-11e5-b58b-90e2ba530b12,Massa justo nam quam fames aliquam conubia congue felis penatibus habitasse ante.,HuGetcsXbQ
f46a2ed2-d05b-11e5-b58b-90e2ba530b12,Magna risus lorem magnis pellentesque posuere.,UWzCrfaxQi
f45e689a-d05b-11e5-b58b-90e2ba530b12,Magna ipsum congue convallis et tristique commodo nam at turpis nec.,UWzCrfaxQi
f3f85c3a-d05b-11e5-b58b-90e2ba530b12,Donec augue habitant et class scelerisque enim tempor nullam.,lixvTEUaBj
f3ef4b22-d05b-11e5-b58b-90e2ba530b12,Metus augue.,lixvTEUaBj
f3f15336-d05b-11e5-b58b-90e2ba530b12,Metus velit libero vestibulum fames amet nisl gravida.,lixvTEUaBj
f411a604-d05b-11e5-b58b-90e2ba530b12,Velit nulla posuere ve.,MdHQeWbPjB
f3b87b1a-d05b-11e5-b58b-90e2ba530b12,Ipsum metus dapibus bibendum ad litora non lectus nam enim.,HuGetcsXbQ
f478bb1e-d05b-11e5-b58b-90e2ba530b12,Nulla curae netus duis ullamcorper nonummy dui at nonummy.,PDKIVoezHs
